CONTRACT_ID,CREATED,BUYER,SELLER,AMOUNT,LICENSE_A,LICENSE_B,CREATION,NET,STAGE,STATUS
C-20261008183941-f885c77ef9ef72ec,2026-10-08T18:39:41Z,0xAAA,0xBBB,50000,,,,49500,COMPLETE,COMPLETE
C-20261008183955-bab2519661926a45,2026-10-08T18:39:55Z,0xAAA,0xBBB,50000,,,,49500,COMPLETE,COMPLETE
C-20261008184622-d55a2aa2169fd282,2026-10-08T18:46:22Z,0xAAA,0xBBB,50000,,,,49500,COMPLETE,COMPLETE
C-20261008184704-cb3394645032707f,2026-10-08T18:47:04Z,0xAAA,0xBBB,50000,,,,49500,COMPLETE,COMPLETE
C-20261008200528-38acaef75aab2576,2026-10-08T20:05:28Z,0xAAA,0xBBB,50000,,,,49500,COMPLETE,COMPLETE
C-20261008200539-c51de6bf958f7409,2026-10-08T20:05:39Z,0xAAA,0xBBB,50000,,,,49500,COMPLETE,COMPLETE
C-20261008200708-79ea06fd07e1aae6,2026-10-08T20:07:08Z,0xAAA,0xBBB,50000,,,,49500,COMPLETE,COMPLETE
C-20261008201043-9d517afb0782d54c,2026-10-08T20:10:43Z,0xAAA,0xBBB,50000,,,,49500,COMPLETE,COMPLETE
C-20261008201703-6d2a28e0de842bad,2026-10-08T20:17:03Z,0xAAA,0xBBB,50000,,,,49500,COMPLETE,COMPLETE
C-20261008201723-67c33b115fc768d0,2026-10-08T20:17:23Z,0xAAA,0xBBB,50000,,,,49500,COMPLETE,COMPLETE
C-20261008202335-672a1d6bac6398b7,2026-10-08T20:23:35Z,0xAAA,0xBBB,50000,,,,49500,COMPLETE,COMPLETE
C-20261008202352-eb836f6c53d836b1,2026-10-08T20:23:52Z,0xAAA,0xBBB,50000,,,,49500,COMPLETE,COMPLETE
C-20261008210410-c6d5cf173187a1ce,,,,,,,,,,
C-20261008210417-1931e9943fcd883d,,,,,,,,,,
C-20261008210703-c78ea0a7c9f34c86,,,,,,,,,,
C-20261008210710-0d31df5e95976890,,,,,,,,,,
C-20261009104036-bf496e64380000ab,,,,,,,,,,
C-20261009104047-4b7fb27b0e6c8585,,,,,,,,,,
C-20261009104435-220ec9cf2ba458d5,2026-10-09T10:44:35Z,0xAAA,0xBBB,50000,500,500,500,48500,DRAFT,CREATED
C-20261009104517-052b65f3f204c1ae,,,,,,,,,,
C-20261009104655-43ce3731eb3d3c9a,2026-10-09T10:46:55Z,0xAAA,0xBBB,50000,500,500,500,48500,DRAFT,CREATED
C-20261009104656-4e6e13e682357bca,2026-10-09T10:46:56Z,0xAAA,0xBBB,50000,500,500,500,48500,COMPLETE,COMPLETE
C-20261009105002-af1d871b7f10d9ac,2026-10-09T10:50:02Z,0xAAA,0xBBB,50000,500,500,500,48500,COMPLETE,COMPLETE
C-20261009105016-12ad5549ffa11a1a,2026-10-09T10:50:16Z,0xAAA,0xBBB,50000,500,500,500,48500,COMPLETE,COMPLETE
C-20261009105028-8cdb6a0906c3baff,2026-10-09T10:50:28Z,0xAAA,0xBBB,50000,500,500,500,48500,COMPLETE,COMPLETE
C-20261009105649-2caac0944cc9f4a3,2026-10-09T10:56:49Z,0xAAA,0xBBB,50000,500,500,500,48500,COMPLETE,COMPLETE
C-20261009111125-7af835df318f52cb,2026-10-09T11:11:25Z,0x29fA26FC5768Fe1E62160E021Fd3f88d92257A1F,0x66434c5501242ccC71b5a39C765892921624B66c,50000000000000000,500000000000000,500000000000000,500000000000000,48500000000000000,DRAFT,CREATED
C-20261009111520-24cd336d88c2cc4a,2026-10-09T11:15:20Z,0xAAA,0xBBB,50000,500,500,500,48500,COMPLETE,COMPLETE
C-20261009112729-e4bf6501b7943501,2026-10-09T11:27:29Z,0xAAA,0xBBB,50000,500,500,500,48500,COMPLETE,COMPLETE
C-20261009112934-cb61faab7d6a0116,2026-10-09T11:29:34Z,0xAAA,0xBBB,50000,500,500,500,48500,COMPLETE,COMPLETE
C-20261009113502-0dc966f76754742b,2026-10-09T11:35:03Z,0xAAA,0xBBB,10000,100,100,100,9700,REFUNDED,REFUNDED
C-20261009113653-a556042aebc56abd,2026-10-09T11:36:53Z,0xAAA,0xBBB,10000,100,100,100,9700,DRAFT,CREATED
C-20261009113807-c0467ba4b5d3e4ea,2026-10-09T11:38:07Z,0xAAA,0xBBB,50000,500,500,500,48500,COMPLETE,COMPLETE
C-20261009114400-ed3a087fca7a4972,2026-10-09T11:44:00Z,0xAAA,0xBBB,50000,500,500,500,48500,COMPLETE,COMPLETE
C-20261009114516-50bccfbf32d191c7,2026-10-09T11:45:16Z,0xAAA,0xBBB,50000,500,500,500,48500,COMPLETE,COMPLETE
C-20261009114714-b7607aedf00cf5c9,2026-10-09T11:47:14Z,0xAAA,0xBBB,50000,500,500,500,48500,COMPLETE,COMPLETE
C-20261009114933-216f9b38284bf42a,2026-10-09T11:49:34Z,0xAAA,0xBBB,50000,500,500,500,48500,COMPLETE,COMPLETE
