TIMESTAMP,CONTRACT,TYPE,AMOUNT,LICENSE,RECIPIENT
2026-10-08T18:39:42Z,C-20261008183941-f885c77ef9ef72ec,A,500,0x66434c5501242ccC71b5a39C765892921624B66c,
2026-10-08T18:39:55Z,C-20261008183955-bab2519661926a45,A,500,0x66434c5501242ccC71b5a39C765892921624B66c,
2026-10-08T18:46:22Z,C-20261008184622-d55a2aa2169fd282,A,500,0x66434c5501242ccC71b5a39C765892921624B66c,
2026-10-08T18:47:04Z,C-20261008184704-cb3394645032707f,A,500,0x66434c5501242ccC71b5a39C765892921624B66c,
2026-10-08T20:05:28Z,C-20261008200528-38acaef75aab2576,A,500,0x66434c5501242ccC71b5a39C765892921624B66c,
2026-10-08T20:05:39Z,C-20261008200539-c51de6bf958f7409,A,500,0x66434c5501242ccC71b5a39C765892921624B66c,
2026-10-08T20:07:08Z,C-20261008200708-79ea06fd07e1aae6,A,500,0x66434c5501242ccC71b5a39C765892921624B66c,
2026-10-08T20:10:43Z,C-20261008201043-9d517afb0782d54c,A,500,0x66434c5501242ccC71b5a39C765892921624B66c,
2026-10-08T20:17:03Z,C-20261008201703-6d2a28e0de842bad,A,500,0x66434c5501242ccC71b5a39C765892921624B66c,
2026-10-08T20:17:23Z,C-20261008201723-67c33b115fc768d0,A,500,0x66434c5501242ccC71b5a39C765892921624B66c,
2026-10-08T20:23:35Z,C-20261008202335-672a1d6bac6398b7,A,500,0x66434c5501242ccC71b5a39C765892921624B66c,
2026-10-08T20:23:52Z,C-20261008202352-eb836f6c53d836b1,A,500,0x66434c5501242ccC71b5a39C765892921624B66c,
2026-10-08T21:04:10Z,C-20261008210410-c6d5cf173187a1ce,A,500,0x66434c5501242ccC71b5a39C765892921624B66c,
2026-10-08T21:04:17Z,C-20261008210417-1931e9943fcd883d,A,500,0x66434c5501242ccC71b5a39C765892921624B66c,
2026-10-08T21:07:03Z,C-20261008210703-c78ea0a7c9f34c86,A,500,0x66434c5501242ccC71b5a39C765892921624B66c,
2026-10-08T21:07:10Z,C-20261008210710-0d31df5e95976890,A,500,0x66434c5501242ccC71b5a39C765892921624B66c,
2026-10-09T10:40:36Z,C-20261009104036-bf496e64380000ab,A,500,0x66434c5501242ccC71b5a39C765892921624B66c,
2026-10-09T10:40:47Z,C-20261009104047-4b7fb27b0e6c8585,A,500,0x66434c5501242ccC71b5a39C765892921624B66c,
2026-10-09T10:44:35Z,C-20261009104435-220ec9cf2ba458d5,A,500,0x66434c5501242ccC71b5a39C765892921624B66c,
2026-10-09T10:45:17Z,C-20261009104517-052b65f3f204c1ae,A,500,0x66434c5501242ccC71b5a39C765892921624B66c,
2026-10-09T10:46:55Z,C-20261009104655-43ce3731eb3d3c9a,A,50000,500,0x66434c5501242ccC71b5a39C765892921624B66c
2026-10-09T10:46:56Z,C-20261009104656-4e6e13e682357bca,A,50000,500,0x66434c5501242ccC71b5a39C765892921624B66c
2026-10-09T10:50:02Z,C-20261009105002-af1d871b7f10d9ac,A,50000,500,0x66434c5501242ccC71b5a39C765892921624B66c
2026-10-09T10:50:16Z,C-20261009105016-12ad5549ffa11a1a,A,50000,500,0x66434c5501242ccC71b5a39C765892921624B66c
2026-10-09T10:50:28Z,C-20261009105028-8cdb6a0906c3baff,A,50000,500,0x66434c5501242ccC71b5a39C765892921624B66c
2026-10-09T10:56:49Z,C-20261009105649-2caac0944cc9f4a3,A,50000,500,0x66434c5501242ccC71b5a39C765892921624B66c
2026-10-09T11:11:25Z,C-20261009111125-7af835df318f52cb,A,50000000000000000,500000000000000,0x66434c5501242ccC71b5a39C765892921624B66c
2026-10-09T11:15:20Z,C-20261009111520-24cd336d88c2cc4a,A,50000,500,0x66434c5501242ccC71b5a39C765892921624B66c
2026-10-09T11:27:29Z,C-20261009112729-e4bf6501b7943501,A,50000,500,0x66434c5501242ccC71b5a39C765892921624B66c
2026-10-09T11:29:34Z,C-20261009112934-cb61faab7d6a0116,A,50000,500,0x66434c5501242ccC71b5a39C765892921624B66c
2026-10-09T11:35:03Z,C-20261009113502-0dc966f76754742b,A,10000,100,0x66434c5501242ccC71b5a39C765892921624B66c
2026-10-09T11:36:53Z,C-20261009113653-a556042aebc56abd,A,10000,100,0x66434c5501242ccC71b5a39C765892921624B66c
2026-10-09T11:38:07Z,C-20261009113807-c0467ba4b5d3e4ea,A,50000,500,0x66434c5501242ccC71b5a39C765892921624B66c
2026-10-09T11:44:00Z,C-20261009114400-ed3a087fca7a4972,A,50000,500,0x66434c5501242ccC71b5a39C765892921624B66c
2026-10-09T11:45:16Z,C-20261009114516-50bccfbf32d191c7,A,50000,500,0x66434c5501242ccC71b5a39C765892921624B66c
2026-10-09T11:47:14Z,C-20261009114714-b7607aedf00cf5c9,A,50000,500,0x66434c5501242ccC71b5a39C765892921624B66c
2026-10-09T11:49:34Z,C-20261009114933-216f9b38284bf42a,A,50000,500,0x66434c5501242ccC71b5a39C765892921624B66c
2026-10-09T10:46:55Z,C-20261009104655-43ce3731eb3d3c9a,B,50000,500,0x66434c5501242ccC71b5a39C765892921624B66c
2026-10-09T10:46:56Z,C-20261009104656-4e6e13e682357bca,B,50000,500,0x66434c5501242ccC71b5a39C765892921624B66c
2026-10-09T10:50:02Z,C-20261009105002-af1d871b7f10d9ac,B,50000,500,0x66434c5501242ccC71b5a39C765892921624B66c
2026-10-09T10:50:16Z,C-20261009105016-12ad5549ffa11a1a,B,50000,500,0x66434c5501242ccC71b5a39C765892921624B66c
2026-10-09T10:50:28Z,C-20261009105028-8cdb6a0906c3baff,B,50000,500,0x66434c5501242ccC71b5a39C765892921624B66c
2026-10-09T10:56:49Z,C-20261009105649-2caac0944cc9f4a3,B,50000,500,0x66434c5501242ccC71b5a39C765892921624B66c
2026-10-09T11:11:25Z,C-20261009111125-7af835df318f52cb,B,50000000000000000,500000000000000,0x66434c5501242ccC71b5a39C765892921624B66c
2026-10-09T11:15:20Z,C-20261009111520-24cd336d88c2cc4a,B,50000,500,0x66434c5501242ccC71b5a39C765892921624B66c
2026-10-09T11:27:29Z,C-20261009112729-e4bf6501b7943501,B,50000,500,0x66434c5501242ccC71b5a39C765892921624B66c
2026-10-09T11:29:34Z,C-20261009112934-cb61faab7d6a0116,B,50000,500,0x66434c5501242ccC71b5a39C765892921624B66c
2026-10-09T11:35:03Z,C-20261009113502-0dc966f76754742b,B,10000,100,0x66434c5501242ccC71b5a39C765892921624B66c
2026-10-09T11:36:53Z,C-20261009113653-a556042aebc56abd,B,10000,100,0x66434c5501242ccC71b5a39C765892921624B66c
2026-10-09T11:38:07Z,C-20261009113807-c0467ba4b5d3e4ea,B,50000,500,0x66434c5501242ccC71b5a39C765892921624B66c
2026-10-09T11:44:00Z,C-20261009114400-ed3a087fca7a4972,B,50000,500,0x66434c5501242ccC71b5a39C765892921624B66c
2026-10-09T11:45:16Z,C-20261009114516-50bccfbf32d191c7,B,50000,500,0x66434c5501242ccC71b5a39C765892921624B66c
2026-10-09T11:47:14Z,C-20261009114714-b7607aedf00cf5c9,B,50000,500,0x66434c5501242ccC71b5a39C765892921624B66c
2026-10-09T11:49:34Z,C-20261009114933-216f9b38284bf42a,B,50000,500,0x66434c5501242ccC71b5a39C765892921624B66c
